<?xml version="1.0" encoding="UTF-8"?>

<beans xmlns="http://www.springframework.org/schema/beans"
	xmlns:xsi="http://www.w3.org/2001/XMLSchema-instance"
	xmlns:context="http://www.springframework.org/schema/context"
	xmlns:tx="http://www.springframework.org/schema/tx"
	xmlns:aop="http://www.springframework.org/schema/aop"
	xsi:schemaLocation="http://www.springframework.org/schema/beans
     http://www.springframework.org/schema/beans/spring-beans.xsd 
     http://www.springframework.org/schema/context
     http://www.springframework.org/schema/context/spring-context.xsd
     http://www.springframework.org/schema/tx
     http://www.springframework.org/schema/tx/spring-tx.xsd
     http://www.springframework.org/schema/aop
     http://www.springframework.org/schema/aop/spring-aop.xsd">
     
   
   <context:component-scan base-package="com.ust"></context:component-scan>
   
   <context:annotation-config/>
   
   <!-- activating the transaction -->
   <tx:annotation-driven/>
   
    <bean
		class="org.springframework.jdbc.datasource.DriverManagerDataSource"
		name="dsObj">

		<property name="driverClassName"
			value="com.mysql.cj.jdbc.Driver"></property>
		<property name="url" value="jdbc:mysql://localhost:3306/ust"></property>
		<property name="username" value="root"></property>
		<property name="password" value="root"></property>

	</bean>
    
     
     <bean
		class="org.springframework.orm.hibernate5.LocalSessionFactoryBean"
		name="lsbObj">
		<property name="dataSource" ref="dsObj" />

		<property name="hibernateProperties">
			<props>
				<prop key="hibernate.dialect">org.hibernate.dialect.MySQL8Dialect</prop>
				<prop key="hibernate.show_sql">true</prop>
				<prop key="hibernate.format_sql">true</prop>
				<prop key="hibernate.hbm2ddl.auto">update</prop>
			</props>
		</property>

		<property name="annotatedClasses">
			<list>
				<value>com.ust.model.Employee</value>
			</list>
		</property>

	</bean>
     
     <bean class="org.springframework.orm.hibernate5.HibernateTemplate"
		name="htObj">
		<property name="sessionFactory" ref="lsbObj" />
	</bean>
     
     <bean
		class="org.springframework.orm.hibernate5.HibernateTransactionManager"
		name="transactionManager">
		<property name="sessionFactory" ref="lsbObj" />
	</bean>
	
	
	</beans>
     
   
     